1	8628331	var_1_8628331	G	T	unknown	0.0	0.0	0.0	0.0	0.0
1	8628332	var_1_8628332	A	C	unknown	0.0	0.0	0.0	0.0	0.0
1	8628332	var_1_8628332	A	G	unknown	0.0	0.0	0.0	0.0	0.0
1	8628332	var_1_8628332	A	T	unknown	0.0	0.0	0.0	0.0	0.0
1	8628333	var_1_8628333	A	C	unknown	0.0	0.0	0.0	0.0	0.0
1	8628333	var_1_8628333	A	G	unknown	0.0	0.0	0.0	0.0	0.0
1	8628333	var_1_8628333	A	T	unknown	0.0	0.0	0.0	0.0	0.0
1	8628334	var_1_8628334	T	A	unknown	0.0	0.0	0.0	0.0	0.0
1	8628334	var_1_8628334	T	C	unknown	0.0	0.0	0.0	0.0	0.0
1	8628334	var_1_8628334	T	G	unknown	0.0	0.0	0.0	0.0	0.0
1	8628335	var_1_8628335	G	A	unknown	0.0	0.0	0.0	0.0	0.0
1	8628335	var_1_8628335	G	C	unknown	0.0	0.0	0.0	0.0	0.0
1	8628335	var_1_8628335	G	T	unknown	0.0	0.0	0.0	0.0	0.0
1	8628336	var_1_8628336	G	A	unknown	0.0	0.0	0.0	0.0	0.0
1	8628336	var_1_8628336	G	C	unknown	0.0	0.0	0.0	0.0	0.0
1	8628336	var_1_8628336	G	T	unknown	0.0	0.0	0.0	0.0	0.0
1	8628337	var_1_8628337	C	A	unknown	0.0	0.0	0.0	0.0	0.0
1	8628337	var_1_8628337	C	G	unknown	0.0	0.0	0.0	0.0	0.0
1	8628337	var_1_8628337	C	T	unknown	0.0	0.0	0.0	0.0	0.0
1	8628338	var_1_8628338	T	A	unknown	0.0	0.0	0.0	0.0	0.0
1	8628338	var_1_8628338	T	C	unknown	0.0	0.0	0.0	0.0	0.0
1	8628338	var_1_8628338	T	G	unknown	0.0	0.0	0.0	0.0	0.0
1	8628339	var_1_8628339	A	C	unknown	0.0	0.0	0.0	0.0	0.0
1	8628339	var_1_8628339	A	G	unknown	0.0	0.0	0.0	0.0	0.0
1	8628339	var_1_8628339	A	T	unknown	0.0	0.0	0.0	0.0	0.0
1	8628340	var_1_8628340	A	C	unknown	0.0	0.0	0.0	0.0	0.0
1	8628340	var_1_8628340	A	G	unknown	0.0	0.0	0.0	0.0	0.0
1	8628340	var_1_8628340	A	T	unknown	0.0	0.0	0.0	0.0	0.0
1	8628341	var_1_8628341	G	A	unknown	0.0	0.0	0.0	0.0	0.0
1	8628341	var_1_8628341	G	C	unknown	0.0	0.0	0.0	0.0	0.0
1	8628341	var_1_8628341	G	T	unknown	0.0	0.0	0.0	0.0	0.0
1	8628342	var_1_8628342	A	C	unknown	0.0	0.0	0.0	0.0	0.0
1	8628342	var_1_8628342	A	G	unknown	0.0	0.0	0.0	0.0	0.0
1	8628342	var_1_8628342	A	T	unknown	0.0	0.0	0.0	0.0	0.0
1	8628343	var_1_8628343	C	A	unknown	0.0	0.0	0.0	0.0	0.0
1	8628343	var_1_8628343	C	G	unknown	0.0	0.0	0.0	0.0	0.0
1	8628343	var_1_8628343	C	T	unknown	0.0	0.0	0.0	0.0	0.0
1	8628344	var_1_8628344	T	A	unknown	0.0	0.0	0.0	0.0	0.0
1	8628344	var_1_8628344	T	C	unknown	0.0	0.0	0.0	0.0	0.0
1	8628344	var_1_8628344	T	G	unknown	0.0	0.0	0.0	0.0	0.0
1	8628345	var_1_8628345	G	A	unknown	0.0	0.0	0.0	0.0	0.0
1	8628345	var_1_8628345	G	C	unknown	0.0	0.0	0.0	0.0	0.0
1	8628345	var_1_8628345	G	T	unknown	0.0	0.0	0.0	0.0	0.0
1	8628346	var_1_8628346	G	A	unknown	0.0	0.0	0.0	0.0	0.0
1	8628346	var_1_8628346	G	C	unknown	0.0	0.0	0.0	0.0	0.0
1	8628346	var_1_8628346	G	T	unknown	0.0	0.0	0.0	0.0	0.0
1	8628347	var_1_8628347	A	C	unknown	0.0	0.0	0.0	0.0	0.0
1	8628347	var_1_8628347	A	G	unknown	0.0	0.0	0.0	0.0	0.0
1	8628347	var_1_8628347	A	T	unknown	0.0	0.0	0.0	0.0	0.0
1	8628348	var_1_8628348	G	A	unknown	0.0	0.0	0.0	0.0	0.0
1	8628348	var_1_8628348	G	C	unknown	0.0	0.0	0.0	0.0	0.0
1	8628348	var_1_8628348	G	T	unknown	0.0	0.0	0.0	0.0	0.0
1	8628349	var_1_8628349	T	A	unknown	0.0	0.0	0.0	0.0	0.0
1	8628349	var_1_8628349	T	C	unknown	0.0	0.0	0.0	0.0	0.0
1	8628349	var_1_8628349	T	G	unknown	0.0	0.0	0.0	0.0	0.0
1	8628350	var_1_8628350	A	C	unknown	0.0	0.0	0.0	0.0	0.0
1	8628350	var_1_8628350	A	G	unknown	0.0	0.0	0.0	0.0	0.0
1	8628350	var_1_8628350	A	T	unknown	0.0	0.0	0.0	0.0	0.0
1	8628351	var_1_8628351	A	C	unknown	0.0	0.0	0.0	0.0	0.0
1	8628351	var_1_8628351	A	G	unknown	0.0	0.0	0.0	0.0	0.0
1	8628351	var_1_8628351	A	T	unknown	0.0	0.0	0.0	0.0	0.0
1	8628352	var_1_8628352	T	A	unknown	0.0	0.0	0.0	0.0	0.0
1	8628352	var_1_8628352	T	C	unknown	0.0	0.0	0.0	0.0	0.0
1	8628352	var_1_8628352	T	G	unknown	0.0	0.0	0.0	0.0	0.0
1	8628353	var_1_8628353	A	C	unknown	0.0	0.0	0.0	0.0	0.0
1	8628353	var_1_8628353	A	G	unknown	0.0	0.0	0.0	0.0	0.0
1	8628353	var_1_8628353	A	T	unknown	0.0	0.0	0.0	0.0	0.0
1	8628354	var_1_8628354	A	C	unknown	0.0	0.0	0.0	0.0	0.0
1	8628354	var_1_8628354	A	G	unknown	0.0	0.0	0.0	0.0	0.0
1	8628354	var_1_8628354	A	T	unknown	0.0	0.0	0.0	0.0	0.0
1	8628355	var_1_8628355	G	A	unknown	0.0	0.0	0.0	0.0	0.0
1	8628355	var_1_8628355	G	C	unknown	0.0	0.0	0.0	0.0	0.0
1	8628355	var_1_8628355	G	T	unknown	0.0	0.0	0.0	0.0	0.0
1	8628356	var_1_8628356	A	C	unknown	0.0	0.0	0.0	0.0	0.0
1	8628356	var_1_8628356	A	G	unknown	0.0	0.0	0.0	0.0	0.0
1	8628356	var_1_8628356	A	T	unknown	0.0	0.0	0.0	0.0	0.0
1	8628357	var_1_8628357	A	C	unknown	0.0	0.0	0.0	0.0	0.0
1	8628357	var_1_8628357	A	G	unknown	0.0	0.0	0.0	0.0	0.0
1	8628357	var_1_8628357	A	T	unknown	0.0	0.0	0.0	0.0	0.0
1	8628358	var_1_8628358	C	A	unknown	0.0	0.0	0.0	0.0	0.0
1	8628358	var_1_8628358	C	G	unknown	0.0	0.0	0.0	0.0	0.0
1	8628358	var_1_8628358	C	T	unknown	0.0	0.0	0.0	0.0	0.0
1	8628359	var_1_8628359	T	A	unknown	0.0	0.0	0.0	0.0	0.0
1	8628359	var_1_8628359	T	C	unknown	0.0	0.0	0.0	0.0	0.0
1	8628359	var_1_8628359	T	G	unknown	0.0	0.0	0.0	0.0	0.0
1	8628360	var_1_8628360	A	C	unknown	0.0	0.0	0.0	0.0	0.0
1	8628360	var_1_8628360	A	G	unknown	0.0	0.0	0.0	0.0	0.0
1	8628360	var_1_8628360	A	T	unknown	0.0	0.0	0.0	0.0	0.0
1	8628361	var_1_8628361	A	C	unknown	0.0	0.0	0.0	0.0	0.0
1	8628361	var_1_8628361	A	G	unknown	0.0	0.0	0.0	0.0	0.0
1	8628361	var_1_8628361	A	T	unknown	0.0	0.0	0.0	0.0	0.0
1	8628362	var_1_8628362	A	C	unknown	0.0	0.0	0.0	0.0	0.0
1	8628362	var_1_8628362	A	G	unknown	0.0	0.0	0.0	0.0	0.0
1	8628362	var_1_8628362	A	T	unknown	0.0	0.0	0.0	0.0	0.0
1	8628363	var_1_8628363	A	C	unknown	0.0	0.0	0.0	0.0	0.0
1	8628363	var_1_8628363	A	G	unknown	0.0	0.0	0.0	0.0	0.0
1	8628363	var_1_8628363	A	T	unknown	0.0	0.0	0.0	0.0	0.0
1	8628364	var_1_8628364	A	C	unknown	0.0	0.0	0.0	0.0	0.0
1	8628364	var_1_8628364	A	G	unknown	0.0	0.0	0.0	0.0	0.0
1	8628364	var_1_8628364	A	T	unknown	0.0	0.0	0.0	0.0	0.0
1	8628365	var_1_8628365	T	A	unknown	0.0	0.0	0.0	0.0	0.0
1	8628365	var_1_8628365	T	C	unknown	0.0	0.0	0.0	0.0	0.0
1	8628365	var_1_8628365	T	G	unknown	0.0	0.0	0.0	0.0	0.0
1	8628366	var_1_8628366	G	A	unknown	0.0	0.0	0.0	0.0	0.0
1	8628366	var_1_8628366	G	C	unknown	0.0	0.0	0.0	0.0	0.0
1	8628366	var_1_8628366	G	T	unknown	0.0	0.0	0.0	0.0	0.0
1	8628367	var_1_8628367	T	A	unknown	0.0	0.0	0.0	0.0	0.0
1	8628367	var_1_8628367	T	C	unknown	0.0	0.0	0.0	0.0	0.0
1	8628367	var_1_8628367	T	G	unknown	0.0	0.0	0.0	0.0	0.0
1	8628368	var_1_8628368	T	A	unknown	0.0	0.0	0.0	0.0	0.0
1	8628368	var_1_8628368	T	C	unknown	0.0	0.0	0.0	0.0	0.0
1	8628368	var_1_8628368	T	G	unknown	0.0	0.0	0.0	0.0	0.0
1	8628369	var_1_8628369	T	A	unknown	0.0	0.0	0.0	0.0	0.0
1	8628369	var_1_8628369	T	C	unknown	0.0	0.0	0.0	0.0	0.0
1	8628369	var_1_8628369	T	G	unknown	0.0	0.0	0.0	0.0	0.0
1	8628370	var_1_8628370	C	A	unknown	0.0	0.0	0.0	0.0	0.0
1	8628370	var_1_8628370	C	G	unknown	0.0	0.0	0.0	0.0	0.0
1	8628370	var_1_8628370	C	T	unknown	0.0	0.0	0.0	0.0	0.0
1	8628371	var_1_8628371	A	C	unknown	0.0	0.0	0.0	0.0	0.0
1	8628371	var_1_8628371	A	G	unknown	0.0	0.0	0.0	0.0	0.0
1	8628371	var_1_8628371	A	T	unknown	0.0	0.0	0.0	0.0	0.0
1	8628372	var_1_8628372	C	A	unknown	0.0	0.0	0.0	0.0	0.0
1	8628372	var_1_8628372	C	G	unknown	0.0	0.0	0.0	0.0	0.0
1	8628372	var_1_8628372	C	T	unknown	0.0	0.0	0.0	0.0	0.0
1	8628373	var_1_8628373	A	C	unknown	0.0	0.0	0.0	0.0	0.0
1	8628373	var_1_8628373	A	G	unknown	0.0	0.0	0.0	0.0	0.0
1	8628373	var_1_8628373	A	T	unknown	0.0	0.0	0.0	0.0	0.0
1	8628374	var_1_8628374	C	A	unknown	0.0	0.0	0.0	0.0	0.0
1	8628374	var_1_8628374	C	G	unknown	0.0	0.0	0.0	0.0	0.0
1	8628374	var_1_8628374	C	T	unknown	0.0	0.0	0.0	0.0	0.0
1	8628375	var_1_8628375	T	A	unknown	0.0	0.0	0.0	0.0	0.0
1	8628375	var_1_8628375	T	C	unknown	0.0	0.0	0.0	0.0	0.0
1	8628375	var_1_8628375	T	G	unknown	0.0	0.0	0.0	0.0	0.0
1	8628376	var_1_8628376	A	C	unknown	0.0	0.0	0.0	0.0	0.0
1	8628376	var_1_8628376	A	G	unknown	0.0	0.0	0.0	0.0	0.0
1	8628376	var_1_8628376	A	T	unknown	0.0	0.0	0.0	0.0	0.0
1	8628377	var_1_8628377	T	A	unknown	0.0	0.0	0.0	0.0	0.0
1	8628377	var_1_8628377	T	C	unknown	0.0	0.0	0.0	0.0	0.0
1	8628377	var_1_8628377	T	G	unknown	0.0	0.0	0.0	0.0	0.0
1	8628378	var_1_8628378	G	A	unknown	0.0	0.0	0.0	0.0	0.0
1	8628378	var_1_8628378	G	C	unknown	0.0	0.0	0.0	0.0	0.0
1	8628378	var_1_8628378	G	T	unknown	0.0	0.0	0.0	0.0	0.0
1	8628379	var_1_8628379	T	A	unknown	0.0	0.0	0.0	0.0	0.0
1	8628379	var_1_8628379	T	C	unknown	0.0	0.0	0.0	0.0	0.0
1	8628379	var_1_8628379	T	G	unknown	0.0	0.0	0.0	0.0	0.0
1	8628380	var_1_8628380	A	C	unknown	0.0	0.0	0.0	0.0	0.0
1	8628380	var_1_8628380	A	G	unknown	0.0	0.0	0.0	0.0	0.0
1	8628380	var_1_8628380	A	T	unknown	0.0	0.0	0.0	0.0	0.0
1	8628381	var_1_8628381	A	C	unknown	0.0	0.0	0.0	0.0	0.0
1	8628381	var_1_8628381	A	G	unknown	0.0	0.0	0.0	0.0	0.0
1	8628381	var_1_8628381	A	T	unknown	0.0	0.0	0.0	0.0	0.0
1	8628382	var_1_8628382	A	C	unknown	0.0	0.0	0.0	0.0	0.0
1	8628382	var_1_8628382	A	G	unknown	0.0	0.0	0.0	0.0	0.0
1	8628382	var_1_8628382	A	T	unknown	0.0	0.0	0.0	0.0	0.0
1	8628383	var_1_8628383	A	C	unknown	0.0	0.0	0.0	0.0	0.0
1	8628383	var_1_8628383	A	G	unknown	0.0	0.0	0.0	0.0	0.0
1	8628383	var_1_8628383	A	T	unknown	0.0	0.0	0.0	0.0	0.0
1	8628384	var_1_8628384	C	A	unknown	0.0	0.0	0.0	0.0	0.0
1	8628384	var_1_8628384	C	G	unknown	0.0	0.0	0.0	0.0	0.0
1	8628384	var_1_8628384	C	T	unknown	0.0	0.0	0.0	0.0	0.0
1	8628385	var_1_8628385	T	A	unknown	0.0	0.0	0.0	0.0	0.0
1	8628385	var_1_8628385	T	C	unknown	0.0	0.0	0.0	0.0	0.0
1	8628385	var_1_8628385	T	G	unknown	0.0	0.0	0.0	0.0	0.0
1	8628386	var_1_8628386	T	A	unknown	0.0	0.0	0.0	0.0	0.0
1	8628386	var_1_8628386	T	C	unknown	0.0	0.0	0.0	0.0	0.0
1	8628386	var_1_8628386	T	G	unknown	0.0	0.0	0.0	0.0	0.0
1	8628387	var_1_8628387	G	A	unknown	0.0	0.0	0.0	0.0	0.0
1	8628387	var_1_8628387	G	C	unknown	0.0	0.0	0.0	0.0	0.0
1	8628387	var_1_8628387	G	T	unknown	0.0	0.0	0.0	0.0	0.0
1	8628388	var_1_8628388	C	A	unknown	0.0	0.0	0.0	0.0	0.0
1	8628388	var_1_8628388	C	G	unknown	0.0	0.0	0.0	0.0	0.0
1	8628388	var_1_8628388	C	T	unknown	0.0	0.0	0.0	0.0	0.0
1	8628389	var_1_8628389	C	A	unknown	0.0	0.0	0.0	0.0	0.0
1	8628389	var_1_8628389	C	G	unknown	0.0	0.0	0.0	0.0	0.0
1	8628389	var_1_8628389	C	T	unknown	0.0	0.0	0.0	0.0	0.0
1	8628390	var_1_8628390	A	C	unknown	0.0	0.0	0.0	0.0	0.0
1	8628390	var_1_8628390	A	G	unknown	0.0	0.0	0.0	0.0	0.0
1	8628390	var_1_8628390	A	T	unknown	0.0	0.0	0.0	0.0	0.0
1	8628391	var_1_8628391	T	A	unknown	0.0	0.0	0.0	0.0	0.0
1	8628391	var_1_8628391	T	C	unknown	0.0	0.0	0.0	0.0	0.0
1	8628391	var_1_8628391	T	G	unknown	0.0	0.0	0.0	0.0	0.0
1	8628392	var_1_8628392	A	C	unknown	0.0	0.0	0.0	0.0	0.0
1	8628392	var_1_8628392	A	G	unknown	0.0	0.0	0.0	0.0	0.0
1	8628392	var_1_8628392	A	T	unknown	0.0	0.0	0.0	0.0	0.0
1	8628393	var_1_8628393	G	A	unknown	0.0	0.0	0.0	0.0	0.0
1	8628393	var_1_8628393	G	C	unknown	0.0	0.0	0.0	0.0	0.0
1	8628393	var_1_8628393	G	T	unknown	0.0	0.0	0.0	0.0	0.0
1	8628394	var_1_8628394	G	A	unknown	0.0	0.0	0.0	0.0	0.0
1	8628394	var_1_8628394	G	C	unknown	0.0	0.0	0.0	0.0	0.0
1	8628394	var_1_8628394	G	T	unknown	0.0	0.0	0.0	0.0	0.0
1	8628395	var_1_8628395	A	C	unknown	0.0	0.0	0.0	0.0	0.0
1	8628395	var_1_8628395	A	G	unknown	0.0	0.0	0.0	0.0	0.0
1	8628395	var_1_8628395	A	T	unknown	0.0	0.0	0.0	0.0	0.0
1	8628396	var_1_8628396	A	C	unknown	0.0	0.0	0.0	0.0	0.0
1	8628396	var_1_8628396	A	G	unknown	0.0	0.0	0.0	0.0	0.0
1	8628396	var_1_8628396	A	T	unknown	0.0	0.0	0.0	0.0	0.0
1	8628397	var_1_8628397	T	A	unknown	0.0	0.0	0.0	0.0	0.0
1	8628397	var_1_8628397	T	C	unknown	0.0	0.0	0.0	0.0	0.0
1	8628397	var_1_8628397	T	G	unknown	0.0	0.0	0.0	0.0	0.0
1	8628398	var_1_8628398	G	A	unknown	0.0	0.0	0.0	0.0	0.0
1	8628398	var_1_8628398	G	C	unknown	0.0	0.0	0.0	0.0	0.0
1	8628398	var_1_8628398	G	T	unknown	0.0	0.0	0.0	0.0	0.0
1	8628399	var_1_8628399	G	A	unknown	0.0	0.0	0.0	0.0	0.0
1	8628399	var_1_8628399	G	C	unknown	0.0	0.0	0.0	0.0	0.0
1	8628399	var_1_8628399	G	T	unknown	0.0	0.0	0.0	0.0	0.0
1	8628400	var_1_8628400	G	A	unknown	0.0	0.0	0.0	0.0	0.0
1	8628400	var_1_8628400	G	C	unknown	0.0	0.0	0.0	0.0	0.0
1	8628400	var_1_8628400	G	T	unknown	0.0	0.0	0.0	0.0	0.0
1	8628401	var_1_8628401	G	A	unknown	0.0	0.0	0.0	0.0	0.0
1	8628401	var_1_8628401	G	C	unknown	0.0	0.0	0.0	0.0	0.0
1	8628401	var_1_8628401	G	T	unknown	0.0	0.0	0.0	0.0	0.0
1	8628402	var_1_8628402	A	C	unknown	0.0	0.0	0.0	0.0	0.0
1	8628402	var_1_8628402	A	G	unknown	0.0	0.0	0.0	0.0	0.0
1	8628402	var_1_8628402	A	T	unknown	0.0	0.0	0.0	0.0	0.0
1	8628403	var_1_8628403	A	C	unknown	0.0	0.0	0.0	0.0	0.0
1	8628403	var_1_8628403	A	G	unknown	0.0	0.0	0.0	0.0	0.0
1	8628403	var_1_8628403	A	T	unknown	0.0	0.0	0.0	0.0	0.0
1	8628404	var_1_8628404	A	C	unknown	0.0	0.0	0.0	0.0	0.0
1	8628404	var_1_8628404	A	G	unknown	0.0	0.0	0.0	0.0	0.0
1	8628404	var_1_8628404	A	T	unknown	0.0	0.0	0.0	0.0	0.0
1	8628405	var_1_8628405	A	C	unknown	0.0	0.0	0.0	0.0	0.0
1	8628405	var_1_8628405	A	G	unknown	0.0	0.0	0.0	0.0	0.0
1	8628405	var_1_8628405	A	T	unknown	0.0	0.0	0.0	0.0	0.0
1	8628406	var_1_8628406	A	C	unknown	0.0	0.0	0.0	0.0	0.0
1	8628406	var_1_8628406	A	G	unknown	0.0	0.0	0.0	0.0	0.0
1	8628406	var_1_8628406	A	T	unknown	0.0	0.0	0.0	0.0	0.0
1	8628407	var_1_8628407	A	C	unknown	0.0	0.0	0.0	0.0	0.0
1	8628407	var_1_8628407	A	G	unknown	0.0	0.0	0.0	0.0	0.0
1	8628407	var_1_8628407	A	T	unknown	0.0	0.0	0.0	0.0	0.0
1	8628408	var_1_8628408	A	C	unknown	0.0	0.0	0.0	0.0	0.0
1	8628408	var_1_8628408	A	G	unknown	0.0	0.0	0.0	0.0	0.0
1	8628408	var_1_8628408	A	T	unknown	0.0	0.0	0.0	0.0	0.0
1	8628409	var_1_8628409	T	A	unknown	0.0	0.0	0.0	0.0	0.0
1	8628409	var_1_8628409	T	C	unknown	0.0	0.0	0.0	0.0	0.0
1	8628409	var_1_8628409	T	G	unknown	0.0	0.0	0.0	0.0	0.0
1	8628410	var_1_8628410	A	C	unknown	0.0	0.0	0.0	0.0	0.0
1	8628410	var_1_8628410	A	G	unknown	0.0	0.0	0.0	0.0	0.0
1	8628410	var_1_8628410	A	T	unknown	0.0	0.0	0.0	0.0	0.0
1	8628411	var_1_8628411	C	A	unknown	0.0	0.0	0.0	0.0	0.0
1	8628411	var_1_8628411	C	G	unknown	0.0	0.0	0.0	0.0	0.0
1	8628411	var_1_8628411	C	T	unknown	0.0	0.0	0.0	0.0	0.0
1	8628412	var_1_8628412	A	C	unknown	0.0	0.0	0.0	0.0	0.0
1	8628412	var_1_8628412	A	G	unknown	0.0	0.0	0.0	0.0	0.0
1	8628412	var_1_8628412	A	T	unknown	0.0	0.0	0.0	0.0	0.0
1	8628413	var_1_8628413	C	A	unknown	0.0	0.0	0.0	0.0	0.0
1	8628413	var_1_8628413	C	G	unknown	0.0	0.0	0.0	0.0	0.0
1	8628413	var_1_8628413	C	T	unknown	0.0	0.0	0.0	0.0	0.0
1	8628414	var_1_8628414	T	A	unknown	0.0	0.0	0.0	0.0	0.0
1	8628414	var_1_8628414	T	C	unknown	0.0	0.0	0.0	0.0	0.0
1	8628414	var_1_8628414	T	G	unknown	0.0	0.0	0.0	0.0	0.0
1	8628415	var_1_8628415	G	A	unknown	0.0	0.0	0.0	0.0	0.0
1	8628415	var_1_8628415	G	C	unknown	0.0	0.0	0.0	0.0	0.0
1	8628415	var_1_8628415	G	T	unknown	0.0	0.0	0.0	0.0	0.0
1	8628416	var_1_8628416	C	A	unknown	0.0	0.0	0.0	0.0	0.0
1	8628416	var_1_8628416	C	G	unknown	0.0	0.0	0.0	0.0	0.0
1	8628416	var_1_8628416	C	T	unknown	0.0	0.0	0.0	0.0	0.0
1	8628417	var_1_8628417	T	A	unknown	0.0	0.0	0.0	0.0	0.0
1	8628417	var_1_8628417	T	C	unknown	0.0	0.0	0.0	0.0	0.0
1	8628417	var_1_8628417	T	G	unknown	0.0	0.0	0.0	0.0	0.0
1	8628418	var_1_8628418	T	A	unknown	0.0	0.0	0.0	0.0	0.0
1	8628418	var_1_8628418	T	C	unknown	0.0	0.0	0.0	0.0	0.0
1	8628418	var_1_8628418	T	G	unknown	0.0	0.0	0.0	0.0	0.0
1	8628419	var_1_8628419	T	A	unknown	0.0	0.0	0.0	0.0	0.0
1	8628419	var_1_8628419	T	C	unknown	0.0	0.0	0.0	0.0	0.0
1	8628419	var_1_8628419	T	G	unknown	0.0	0.0	0.0	0.0	0.0
1	8628420	var_1_8628420	G	A	unknown	0.0	0.0	0.0	0.0	0.0
1	8628420	var_1_8628420	G	C	unknown	0.0	0.0	0.0	0.0	0.0
1	8628420	var_1_8628420	G	T	unknown	0.0	0.0	0.0	0.0	0.0
1	8628421	var_1_8628421	A	C	unknown	0.0	0.0	0.0	0.0	0.0
1	8628421	var_1_8628421	A	G	unknown	0.0	0.0	0.0	0.0	0.0
1	8628421	var_1_8628421	A	T	unknown	0.0	0.0	0.0	0.0	0.0
1	8628422	var_1_8628422	C	A	unknown	0.0	0.0	0.0	0.0	0.0
1	8628422	var_1_8628422	C	G	unknown	0.0	0.0	0.0	0.0	0.0
1	8628422	var_1_8628422	C	T	unknown	0.0	0.0	0.0	0.0	0.0
1	8628423	var_1_8628423	C	A	unknown	0.0	0.0	0.0	0.0	0.0
1	8628423	var_1_8628423	C	G	unknown	0.0	0.0	0.0	0.0	0.0
1	8628423	var_1_8628423	C	T	unknown	0.0	0.0	0.0	0.0	0.0
1	8628424	var_1_8628424	T	A	unknown	0.0	0.0	0.0	0.0	0.0
1	8628424	var_1_8628424	T	C	unknown	0.0	0.0	0.0	0.0	0.0
1	8628424	var_1_8628424	T	G	unknown	0.0	0.0	0.0	0.0	0.0
1	8628425	var_1_8628425	G	A	unknown	0.0	0.0	0.0	0.0	0.0
1	8628425	var_1_8628425	G	C	unknown	0.0	0.0	0.0	0.0	0.0
1	8628425	var_1_8628425	G	T	unknown	0.0	0.0	0.0	0.0	0.0
1	8628426	var_1_8628426	A	C	unknown	0.0	0.0	0.0	0.0	0.0
1	8628426	var_1_8628426	A	G	unknown	0.0	0.0	0.0	0.0	0.0
1	8628426	var_1_8628426	A	T	unknown	0.0	0.0	0.0	0.0	0.0
1	8628427	var_1_8628427	T	A	unknown	0.0	0.0	0.0	0.0	0.0
1	8628427	var_1_8628427	T	C	unknown	0.0	0.0	0.0	0.0	0.0
1	8628427	var_1_8628427	T	G	unknown	0.0	0.0	0.0	0.0	0.0
1	8628428	var_1_8628428	T	A	unknown	0.0	0.0	0.0	0.0	0.0
1	8628428	var_1_8628428	T	C	unknown	0.0	0.0	0.0	0.0	0.0
1	8628428	var_1_8628428	T	G	unknown	0.0	0.0	0.0	0.0	0.0
1	8628429	var_1_8628429	T	A	unknown	0.0	0.0	0.0	0.0	0.0
1	8628429	var_1_8628429	T	C	unknown	0.0	0.0	0.0	0.0	0.0
1	8628429	var_1_8628429	T	G	unknown	0.0	0.0	0.0	0.0	0.0
1	8628430	var_1_8628430	G	A	unknown	0.0	0.0	0.0	0.0	0.0
1	8628430	var_1_8628430	G	C	unknown	0.0	0.0	0.0	0.0	0.0
1	8628430	var_1_8628430	G	T	unknown	0.0	0.0	0.0	0.0	0.0
1	8628431	var_1_8628431	T	A	unknown	0.0	0.0	0.0	0.0	0.0
1	8628431	var_1_8628431	T	C	unknown	0.0	0.0	0.0	0.0	0.0
1	8628431	var_1_8628431	T	G	unknown	0.0	0.0	0.0	0.0	0.0
1	8628432	var_1_8628432	C	A	unknown	0.0	0.0	0.0	0.0	0.0
1	8628432	var_1_8628432	C	G	unknown	0.0	0.0	0.0	0.0	0.0
1	8628432	var_1_8628432	C	T	unknown	0.0	0.0	0.0	0.0	0.0
1	8628433	var_1_8628433	T	A	unknown	0.0	0.0	0.0	0.0	0.0
1	8628433	var_1_8628433	T	C	unknown	0.0	0.0	0.0	0.0	0.0
1	8628433	var_1_8628433	T	G	unknown	0.0	0.0	0.0	0.0	0.0
1	8628434	var_1_8628434	A	C	unknown	0.0	0.0	0.0	0.0	0.0
1	8628434	var_1_8628434	A	G	unknown	0.0	0.0	0.0	0.0	0.0
1	8628434	var_1_8628434	A	T	unknown	0.0	0.0	0.0	0.0	0.0
1	8628435	var_1_8628435	A	C	unknown	0.0	0.0	0.0	0.0	0.0
1	8628435	var_1_8628435	A	G	unknown	0.0	0.0	0.0	0.0	0.0
1	8628435	var_1_8628435	A	T	unknown	0.0	0.0	0.0	0.0	0.0
1	8628436	var_1_8628436	T	A	unknown	0.0	0.0	0.0	0.0	0.0
1	8628436	var_1_8628436	T	C	unknown	0.0	0.0	0.0	0.0	0.0
1	8628436	var_1_8628436	T	G	unknown	0.0	0.0	0.0	0.0	0.0
1	8628437	var_1_8628437	T	A	unknown	0.0	0.0	0.0	0.0	0.0
1	8628437	var_1_8628437	T	C	unknown	0.0	0.0	0.0	0.0	0.0
1	8628437	var_1_8628437	T	G	unknown	0.0	0.0	0.0	0.0	0.0
1	8628438	var_1_8628438	C	A	unknown	0.0	0.0	0.0	0.0	0.0
1	8628438	var_1_8628438	C	G	unknown	0.0	0.0	0.0	0.0	0.0
1	8628438	var_1_8628438	C	T	unknown	0.0	0.0	0.0	0.0	0.0
1	8628439	var_1_8628439	A	C	unknown	0.0	0.0	0.0	0.0	0.0
1	8628439	var_1_8628439	A	G	unknown	0.0	0.0	0.0	0.0	0.0
1	8628439	var_1_8628439	A	T	unknown	0.0	0.0	0.0	0.0	0.0
1	8628440	var_1_8628440	T	A	unknown	0.0	0.0	0.0	0.0	0.0
1	8628440	var_1_8628440	T	C	unknown	0.0	0.0	0.0	0.0	0.0
1	8628440	var_1_8628440	T	G	unknown	0.0	0.0	0.0	0.0	0.0
1	8628441	var_1_8628441	T	A	unknown	0.0	0.0	0.0	0.0	0.0
1	8628441	var_1_8628441	T	C	unknown	0.0	0.0	0.0	0.0	0.0
1	8628441	var_1_8628441	T	G	unknown	0.0	0.0	0.0	0.0	0.0
1	8628442	var_1_8628442	T	A	unknown	0.0	0.0	0.0	0.0	0.0
1	8628442	var_1_8628442	T	C	unknown	0.0	0.0	0.0	0.0	0.0
1	8628442	var_1_8628442	T	G	unknown	0.0	0.0	0.0	0.0	0.0
1	8628443	var_1_8628443	T	A	unknown	0.0	0.0	0.0	0.0	0.0
1	8628443	var_1_8628443	T	C	unknown	0.0	0.0	0.0	0.0	0.0
1	8628443	var_1_8628443	T	G	unknown	0.0	0.0	0.0	0.0	0.0
1	8628444	var_1_8628444	T	A	unknown	0.0	0.0	0.0	0.0	0.0
1	8628444	var_1_8628444	T	C	unknown	0.0	0.0	0.0	0.0	0.0
1	8628444	var_1_8628444	T	G	unknown	0.0	0.0	0.0	0.0	0.0
1	8628445	var_1_8628445	A	C	unknown	0.0	0.0	0.0	0.0	0.0
1	8628445	var_1_8628445	A	G	unknown	0.0	0.0	0.0	0.0	0.0
1	8628445	var_1_8628445	A	T	unknown	0.0	0.0	0.0	0.0	0.0
1	8628446	var_1_8628446	A	C	unknown	0.0	0.0	0.0	0.0	0.0
1	8628446	var_1_8628446	A	G	unknown	0.0	0.0	0.0	0.0	0.0
1	8628446	var_1_8628446	A	T	unknown	0.0	0.0	0.0	0.0	0.0
1	8628447	var_1_8628447	A	C	unknown	0.0	0.0	0.0	0.0	0.0
1	8628447	var_1_8628447	A	G	unknown	0.0	0.0	0.0	0.0	0.0
1	8628447	var_1_8628447	A	T	unknown	0.0	0.0	0.0	0.0	0.0
1	8628448	var_1_8628448	A	C	unknown	0.0	0.0	0.0	0.0	0.0
1	8628448	var_1_8628448	A	G	unknown	0.0	0.0	0.0	0.0	0.0
1	8628448	var_1_8628448	A	T	unknown	0.0	0.0	0.0	0.0	0.0
1	8628449	var_1_8628449	T	A	unknown	0.0	0.0	0.0	0.0	0.0
1	8628449	var_1_8628449	T	C	unknown	0.0	0.0	0.0	0.0	0.0
1	8628449	var_1_8628449	T	G	unknown	0.0	0.0	0.0	0.0	0.0
1	8628450	var_1_8628450	C	A	unknown	0.0	0.0	0.0	0.0	0.0
1	8628450	var_1_8628450	C	G	unknown	0.0	0.0	0.0	0.0	0.0
1	8628450	var_1_8628450	C	T	unknown	0.0	0.0	0.0	0.0	0.0
1	8628451	var_1_8628451	A	C	unknown	0.0	0.0	0.0	0.0	0.0
1	8628451	var_1_8628451	A	G	unknown	0.0	0.0	0.0	0.0	0.0
1	8628451	var_1_8628451	A	T	unknown	0.0	0.0	0.0	0.0	0.0
1	8628452	var_1_8628452	A	C	unknown	0.0	0.0	0.0	0.0	0.0
1	8628452	var_1_8628452	A	G	unknown	0.0	0.0	0.0	0.0	0.0
1	8628452	var_1_8628452	A	T	unknown	0.0	0.0	0.0	0.0	0.0
1	8628453	var_1_8628453	A	C	unknown	0.0	0.0	0.0	0.0	0.0
1	8628453	var_1_8628453	A	G	unknown	0.0	0.0	0.0	0.0	0.0
1	8628453	var_1_8628453	A	T	unknown	0.0	0.0	0.0	0.0	0.0
1	8628454	var_1_8628454	G	A	unknown	0.0	0.0	0.0	0.0	0.0
1	8628454	var_1_8628454	G	C	unknown	0.0	0.0	0.0	0.0	0.0
1	8628454	var_1_8628454	G	T	unknown	0.0	0.0	0.0	0.0	0.0
1	8628455	var_1_8628455	C	A	unknown	0.0	0.0	0.0	0.0	0.0
1	8628455	var_1_8628455	C	G	unknown	0.0	0.0	0.0	0.0	0.0
1	8628455	var_1_8628455	C	T	unknown	0.0	0.0	0.0	0.0	0.0
1	8628456	var_1_8628456	A	C	unknown	0.0	0.0	0.0	0.0	0.0
1	8628456	var_1_8628456	A	G	unknown	0.0	0.0	0.0	0.0	0.0
1	8628456	var_1_8628456	A	T	unknown	0.0	0.0	0.0	0.0	0.0
1	8628457	var_1_8628457	T	A	unknown	0.0	0.0	0.0	0.0	0.0
1	8628457	var_1_8628457	T	C	unknown	0.0	0.0	0.0	0.0	0.0
1	8628457	var_1_8628457	T	G	unknown	0.0	0.0	0.0	0.0	0.0
1	8628458	var_1_8628458	G	A	unknown	0.0	0.0	0.0	0.0	0.0
1	8628458	var_1_8628458	G	C	unknown	0.0	0.0	0.0	0.0	0.0
1	8628458	var_1_8628458	G	T	unknown	0.0	0.0	0.0	0.0	0.0
1	8628459	var_1_8628459	A	C	unknown	0.0	0.0	0.0	0.0	0.0
1	8628459	var_1_8628459	A	G	unknown	0.0	0.0	0.0	0.0	0.0
1	8628459	var_1_8628459	A	T	unknown	0.0	0.0	0.0	0.0	0.0
1	8628460	var_1_8628460	C	A	unknown	0.0	0.0	0.0	0.0	0.0
1	8628460	var_1_8628460	C	G	unknown	0.0	0.0	0.0	0.0	0.0
1	8628460	var_1_8628460	C	T	unknown	0.0	0.0	0.0	0.0	0.0
1	8628461	var_1_8628461	G	A	unknown	0.0	0.0	0.0	0.0	0.0
1	8628461	var_1_8628461	G	C	unknown	0.0	0.0	0.0	0.0	0.0
1	8628461	var_1_8628461	G	T	unknown	0.0	0.0	0.0	0.0	0.0
1	8628462	var_1_8628462	A	C	unknown	0.0	0.0	0.0	0.0	0.0
1	8628462	var_1_8628462	A	G	unknown	0.0	0.0	0.0	0.0	0.0
1	8628462	var_1_8628462	A	T	unknown	0.0	0.0	0.0	0.0	0.0
1	8628463	var_1_8628463	A	C	unknown	0.0	0.0	0.0	0.0	0.0
1	8628463	var_1_8628463	A	G	unknown	0.0	0.0	0.0	0.0	0.0
1	8628463	var_1_8628463	A	T	unknown	0.0	0.0	0.0	0.0	0.0
1	8628464	var_1_8628464	C	A	unknown	0.0	0.0	0.0	0.0	0.0
1	8628464	var_1_8628464	C	G	unknown	0.0	0.0	0.0	0.0	0.0
1	8628464	var_1_8628464	C	T	unknown	0.0	0.0	0.0	0.0	0.0
1	8628465	var_1_8628465	T	A	unknown	0.0	0.0	0.0	0.0	0.0
1	8628465	var_1_8628465	T	C	unknown	0.0	0.0	0.0	0.0	0.0
1	8628465	var_1_8628465	T	G	unknown	0.0	0.0	0.0	0.0	0.0
1	8628466	var_1_8628466	A	C	unknown	0.0	0.0	0.0	0.0	0.0
1	8628466	var_1_8628466	A	G	unknown	0.0	0.0	0.0	0.0	0.0
1	8628466	var_1_8628466	A	T	unknown	0.0	0.0	0.0	0.0	0.0
1	8628467	var_1_8628467	T	A	unknown	0.0	0.0	0.0	0.0	0.0
1	8628467	var_1_8628467	T	C	unknown	0.0	0.0	0.0	0.0	0.0
1	8628467	var_1_8628467	T	G	unknown	0.0	0.0	0.0	0.0	0.0
1	8628468	var_1_8628468	T	A	unknown	0.0	0.0	0.0	0.0	0.0
1	8628468	var_1_8628468	T	C	unknown	0.0	0.0	0.0	0.0	0.0
1	8628468	var_1_8628468	T	G	unknown	0.0	0.0	0.0	0.0	0.0
1	8628469	var_1_8628469	G	A	unknown	0.0	0.0	0.0	0.0	0.0
1	8628469	var_1_8628469	G	C	unknown	0.0	0.0	0.0	0.0	0.0
1	8628469	var_1_8628469	G	T	unknown	0.0	0.0	0.0	0.0	0.0
1	8628470	var_1_8628470	T	A	unknown	0.0	0.0	0.0	0.0	0.0
1	8628470	var_1_8628470	T	C	unknown	0.0	0.0	0.0	0.0	0.0
1	8628470	var_1_8628470	T	G	unknown	0.0	0.0	0.0	0.0	0.0
1	8628471	var_1_8628471	A	C	unknown	0.0	0.0	0.0	0.0	0.0
1	8628471	var_1_8628471	A	G	unknown	0.0	0.0	0.0	0.0	0.0
1	8628471	var_1_8628471	A	T	unknown	0.0	0.0	0.0	0.0	0.0
1	8628472	var_1_8628472	C	A	unknown	0.0	0.0	0.0	0.0	0.0
1	8628472	var_1_8628472	C	G	unknown	0.0	0.0	0.0	0.0	0.0
1	8628472	var_1_8628472	C	T	unknown	0.0	0.0	0.0	0.0	0.0
1	8628473	var_1_8628473	A	C	unknown	0.0	0.0	0.0	0.0	0.0
1	8628473	var_1_8628473	A	G	unknown	0.0	0.0	0.0	0.0	0.0
1	8628473	var_1_8628473	A	T	unknown	0.0	0.0	0.0	0.0	0.0
1	8628474	var_1_8628474	G	A	unknown	0.0	0.0	0.0	0.0	0.0
1	8628474	var_1_8628474	G	C	unknown	0.0	0.0	0.0	0.0	0.0
1	8628474	var_1_8628474	G	T	unknown	0.0	0.0	0.0	0.0	0.0
1	8628475	var_1_8628475	T	A	unknown	0.0	0.0	0.0	0.0	0.0
1	8628475	var_1_8628475	T	C	unknown	0.0	0.0	0.0	0.0	0.0
1	8628475	var_1_8628475	T	G	unknown	0.0	0.0	0.0	0.0	0.0
1	8628476	var_1_8628476	C	A	unknown	0.0	0.0	0.0	0.0	0.0
1	8628476	var_1_8628476	C	G	unknown	0.0	0.0	0.0	0.0	0.0
1	8628476	var_1_8628476	C	T	unknown	0.0	0.0	0.0	0.0	0.0
1	8628477	var_1_8628477	A	C	unknown	0.0	0.0	0.0	0.0	0.0
1	8628477	var_1_8628477	A	G	unknown	0.0	0.0	0.0	0.0	0.0
1	8628477	var_1_8628477	A	T	unknown	0.0	0.0	0.0	0.0	0.0
1	8628478	var_1_8628478	A	C	unknown	0.0	0.0	0.0	0.0	0.0
1	8628478	var_1_8628478	A	G	unknown	0.0	0.0	0.0	0.0	0.0
1	8628478	var_1_8628478	A	T	unknown	0.0	0.0	0.0	0.0	0.0
1	8628479	var_1_8628479	A	C	unknown	0.0	0.0	0.0	0.0	0.0
1	8628479	var_1_8628479	A	G	unknown	0.0	0.0	0.0	0.0	0.0
1	8628479	var_1_8628479	A	T	unknown	0.0	0.0	0.0	0.0	0.0
1	8628480	var_1_8628480	C	A	unknown	0.0	0.0	0.0	0.0	0.0
1	8628480	var_1_8628480	C	G	unknown	0.0	0.0	0.0	0.0	0.0
1	8628480	var_1_8628480	C	T	unknown	0.0	0.0	0.0	0.0	0.0
1	8628481	var_1_8628481	T	A	unknown	0.0	0.0	0.0	0.0	0.0
1	8628481	var_1_8628481	T	C	unknown	0.0	0.0	0.0	0.0	0.0
1	8628481	var_1_8628481	T	G	unknown	0.0	0.0	0.0	0.0	0.0
1	8628482	var_1_8628482	T	A	unknown	0.0	0.0	0.0	0.0	0.0
1	8628482	var_1_8628482	T	C	unknown	0.0	0.0	0.0	0.0	0.0
1	8628482	var_1_8628482	T	G	unknown	0.0	0.0	0.0	0.0	0.0
1	8628483	var_1_8628483	T	A	unknown	0.0	0.0	0.0	0.0	0.0
1	8628483	var_1_8628483	T	C	unknown	0.0	0.0	0.0	0.0	0.0
1	8628483	var_1_8628483	T	G	unknown	0.0	0.0	0.0	0.0	0.0
1	8628484	var_1_8628484	T	A	unknown	0.0	0.0	0.0	0.0	0.0
1	8628484	var_1_8628484	T	C	unknown	0.0	0.0	0.0	0.0	0.0
1	8628484	var_1_8628484	T	G	unknown	0.0	0.0	0.0	0.0	0.0
1	8628485	var_1_8628485	C	A	unknown	0.0	0.0	0.0	0.0	0.0
1	8628485	var_1_8628485	C	G	unknown	0.0	0.0	0.0	0.0	0.0
1	8628485	var_1_8628485	C	T	unknown	0.0	0.0	0.0	0.0	0.0
1	8628486	var_1_8628486	T	A	unknown	0.0	0.0	0.0	0.0	0.0
1	8628486	var_1_8628486	T	C	unknown	0.0	0.0	0.0	0.0	0.0
1	8628486	var_1_8628486	T	G	unknown	0.0	0.0	0.0	0.0	0.0
1	8628487	var_1_8628487	T	A	unknown	0.0	0.0	0.0	0.0	0.0
1	8628487	var_1_8628487	T	C	unknown	0.0	0.0	0.0	0.0	0.0
1	8628487	var_1_8628487	T	G	unknown	0.0	0.0	0.0	0.0	0.0
1	8628488	var_1_8628488	T	A	unknown	0.0	0.0	0.0	0.0	0.0
1	8628488	var_1_8628488	T	C	unknown	0.0	0.0	0.0	0.0	0.0
1	8628488	var_1_8628488	T	G	unknown	0.0	0.0	0.0	0.0	0.0
1	8628489	var_1_8628489	A	C	unknown	0.0	0.0	0.0	0.0	0.0
1	8628489	var_1_8628489	A	G	unknown	0.0	0.0	0.0	0.0	0.0
1	8628489	var_1_8628489	A	T	unknown	0.0	0.0	0.0	0.0	0.0
1	8628490	var_1_8628490	T	A	unknown	0.0	0.0	0.0	0.0	0.0
1	8628490	var_1_8628490	T	C	unknown	0.0	0.0	0.0	0.0	0.0
1	8628490	var_1_8628490	T	G	unknown	0.0	0.0	0.0	0.0	0.0
1	8628491	var_1_8628491	A	C	unknown	0.0	0.0	0.0	0.0	0.0
1	8628491	var_1_8628491	A	G	unknown	0.0	0.0	0.0	0.0	0.0
1	8628491	var_1_8628491	A	T	unknown	0.0	0.0	0.0	0.0	0.0
1	8628492	var_1_8628492	A	C	unknown	0.0	0.0	0.0	0.0	0.0
1	8628492	var_1_8628492	A	G	unknown	0.0	0.0	0.0	0.0	0.0
1	8628492	var_1_8628492	A	T	unknown	0.0	0.0	0.0	0.0	0.0
1	8628493	var_1_8628493	C	A	unknown	0.0	0.0	0.0	0.0	0.0
1	8628493	var_1_8628493	C	G	unknown	0.0	0.0	0.0	0.0	0.0
1	8628493	var_1_8628493	C	T	unknown	0.0	0.0	0.0	0.0	0.0
1	8628494	var_1_8628494	C	A	unknown	0.0	0.0	0.0	0.0	0.0
1	8628494	var_1_8628494	C	G	unknown	0.0	0.0	0.0	0.0	0.0
1	8628494	var_1_8628494	C	T	unknown	0.0	0.0	0.0	0.0	0.0
1	8628495	var_1_8628495	C	A	unknown	0.0	0.0	0.0	0.0	0.0
1	8628495	var_1_8628495	C	G	unknown	0.0	0.0	0.0	0.0	0.0
1	8628495	var_1_8628495	C	T	unknown	0.0	0.0	0.0	0.0	0.0
1	8628496	var_1_8628496	T	A	unknown	0.0	0.0	0.0	0.0	0.0
1	8628496	var_1_8628496	T	C	unknown	0.0	0.0	0.0	0.0	0.0
1	8628496	var_1_8628496	T	G	unknown	0.0	0.0	0.0	0.0	0.0
1	8628497	var_1_8628497	C	A	unknown	0.0	0.0	0.0	0.0	0.0
1	8628497	var_1_8628497	C	G	unknown	0.0	0.0	0.0	0.0	0.0
1	8628497	var_1_8628497	C	T	unknown	0.0	0.0	0.0	0.0	0.0
1	8628498	var_1_8628498	T	A	unknown	0.0	0.0	0.0	0.0	0.0
1	8628498	var_1_8628498	T	C	unknown	0.0	0.0	0.0	0.0	0.0
1	8628498	var_1_8628498	T	G	unknown	0.0	0.0	0.0	0.0	0.0
1	8628499	var_1_8628499	G	A	unknown	0.0	0.0	0.0	0.0	0.0
1	8628499	var_1_8628499	G	C	unknown	0.0	0.0	0.0	0.0	0.0
1	8628499	var_1_8628499	G	T	unknown	0.0	0.0	0.0	0.0	0.0
1	8628500	var_1_8628500	A	C	unknown	0.0	0.0	0.0	0.0	0.0
1	8628500	var_1_8628500	A	G	unknown	0.0	0.0	0.0	0.0	0.0
1	8628500	var_1_8628500	A	T	unknown	0.0	0.0	0.0	0.0	0.0
1	8628501	var_1_8628501	C	A	unknown	0.0	0.0	0.0	0.0	0.0
1	8628501	var_1_8628501	C	G	unknown	0.0	0.0	0.0	0.0	0.0
1	8628501	var_1_8628501	C	T	unknown	0.0	0.0	0.0	0.0	0.0
1	8628502	var_1_8628502	A	C	unknown	0.0	0.0	0.0	0.0	0.0
1	8628502	var_1_8628502	A	G	unknown	0.0	0.0	0.0	0.0	0.0
1	8628502	var_1_8628502	A	T	unknown	0.0	0.0	0.0	0.0	0.0
1	8628503	var_1_8628503	A	C	unknown	0.0	0.0	0.0	0.0	0.0
1	8628503	var_1_8628503	A	G	unknown	0.0	0.0	0.0	0.0	0.0
1	8628503	var_1_8628503	A	T	unknown	0.0	0.0	0.0	0.0	0.0
1	8628504	var_1_8628504	A	C	unknown	0.0	0.0	0.0	0.0	0.0
1	8628504	var_1_8628504	A	G	unknown	0.0	0.0	0.0	0.0	0.0
1	8628504	var_1_8628504	A	T	unknown	0.0	0.0	0.0	0.0	0.0
1	8628505	var_1_8628505	T	A	unknown	0.0	0.0	0.0	0.0	0.0
1	8628505	var_1_8628505	T	C	unknown	0.0	0.0	0.0	0.0	0.0
1	8628505	var_1_8628505	T	G	unknown	0.0	0.0	0.0	0.0	0.0
1	8628506	var_1_8628506	A	C	unknown	0.0	0.0	0.0	0.0	0.0
1	8628506	var_1_8628506	A	G	unknown	0.0	0.0	0.0	0.0	0.0
1	8628506	var_1_8628506	A	T	unknown	0.0	0.0	0.0	0.0	0.0
1	8628507	var_1_8628507	T	A	unknown	0.0	0.0	0.0	0.0	0.0
1	8628507	var_1_8628507	T	C	unknown	0.0	0.0	0.0	0.0	0.0
1	8628507	var_1_8628507	T	G	unknown	0.0	0.0	0.0	0.0	0.0
1	8628508	var_1_8628508	T	A	unknown	0.0	0.0	0.0	0.0	0.0
1	8628508	var_1_8628508	T	C	unknown	0.0	0.0	0.0	0.0	0.0
1	8628508	var_1_8628508	T	G	unknown	0.0	0.0	0.0	0.0	0.0
1	8628509	var_1_8628509	A	C	unknown	0.0	0.0	0.0	0.0	0.0
1	8628509	var_1_8628509	A	G	unknown	0.0	0.0	0.0	0.0	0.0
1	8628509	var_1_8628509	A	T	unknown	0.0	0.0	0.0	0.0	0.0
1	8628510	var_1_8628510	G	A	unknown	0.0	0.0	0.0	0.0	0.0
1	8628510	var_1_8628510	G	C	unknown	0.0	0.0	0.0	0.0	0.0
1	8628510	var_1_8628510	G	T	unknown	0.0	0.0	0.0	0.0	0.0
1	8628511	var_1_8628511	G	A	unknown	0.0	0.0	0.0	0.0	0.0
1	8628511	var_1_8628511	G	C	unknown	0.0	0.0	0.0	0.0	0.0
1	8628511	var_1_8628511	G	T	unknown	0.0	0.0	0.0	0.0	0.0
1	8628512	var_1_8628512	A	C	unknown	0.0	0.0	0.0	0.0	0.0
1	8628512	var_1_8628512	A	G	unknown	0.0	0.0	0.0	0.0	0.0
1	8628512	var_1_8628512	A	T	unknown	0.0	0.0	0.0	0.0	0.0
1	8628513	var_1_8628513	T	A	unknown	0.0	0.0	0.0	0.0	0.0
1	8628513	var_1_8628513	T	C	unknown	0.0	0.0	0.0	0.0	0.0
1	8628513	var_1_8628513	T	G	unknown	0.0	0.0	0.0	0.0	0.0
1	8628514	var_1_8628514	G	A	unknown	0.0	0.0	0.0	0.0	0.0
1	8628514	var_1_8628514	G	C	unknown	0.0	0.0	0.0	0.0	0.0
1	8628514	var_1_8628514	G	T	unknown	0.0	0.0	0.0	0.0	0.0
1	8628515	var_1_8628515	A	C	unknown	0.0	0.0	0.0	0.0	0.0
1	8628515	var_1_8628515	A	G	unknown	0.0	0.0	0.0	0.0	0.0
1	8628515	var_1_8628515	A	T	unknown	0.0	0.0	0.0	0.0	0.0
1	8628516	var_1_8628516	C	A	unknown	0.0	0.0	0.0	0.0	0.0
1	8628516	var_1_8628516	C	G	unknown	0.0	0.0	0.0	0.0	0.0
1	8628516	var_1_8628516	C	T	unknown	0.0	0.0	0.0	0.0	0.0
1	8628517	var_1_8628517	C	A	unknown	0.0	0.0	0.0	0.0	0.0
1	8628517	var_1_8628517	C	G	unknown	0.0	0.0	0.0	0.0	0.0
1	8628517	var_1_8628517	C	T	unknown	0.0	0.0	0.0	0.0	0.0
1	8628518	var_1_8628518	C	A	unknown	0.0	0.0	0.0	0.0	0.0
1	8628518	var_1_8628518	C	G	unknown	0.0	0.0	0.0	0.0	0.0
1	8628518	var_1_8628518	C	T	unknown	0.0	0.0	0.0	0.0	0.0
1	8628519	var_1_8628519	A	C	unknown	0.0	0.0	0.0	0.0	0.0
1	8628519	var_1_8628519	A	G	unknown	0.0	0.0	0.0	0.0	0.0
1	8628519	var_1_8628519	A	T	unknown	0.0	0.0	0.0	0.0	0.0
1	8628520	var_1_8628520	A	C	unknown	0.0	0.0	0.0	0.0	0.0
1	8628520	var_1_8628520	A	G	unknown	0.0	0.0	0.0	0.0	0.0
1	8628520	var_1_8628520	A	T	unknown	0.0	0.0	0.0	0.0	0.0
1	8628521	var_1_8628521	C	A	unknown	0.0	0.0	0.0	0.0	0.0
1	8628521	var_1_8628521	C	G	unknown	0.0	0.0	0.0	0.0	0.0
1	8628521	var_1_8628521	C	T	unknown	0.0	0.0	0.0	0.0	0.0
1	8628522	var_1_8628522	A	C	unknown	0.0	0.0	0.0	0.0	0.0
1	8628522	var_1_8628522	A	G	unknown	0.0	0.0	0.0	0.0	0.0
1	8628522	var_1_8628522	A	T	unknown	0.0	0.0	0.0	0.0	0.0
1	8628523	var_1_8628523	A	C	unknown	0.0	0.0	0.0	0.0	0.0
1	8628523	var_1_8628523	A	G	unknown	0.0	0.0	0.0	0.0	0.0
1	8628523	var_1_8628523	A	T	unknown	0.0	0.0	0.0	0.0	0.0
1	8628524	var_1_8628524	A	C	unknown	0.0	0.0	0.0	0.0	0.0
1	8628524	var_1_8628524	A	G	unknown	0.0	0.0	0.0	0.0	0.0
1	8628524	var_1_8628524	A	T	unknown	0.0	0.0	0.0	0.0	0.0
1	8628525	var_1_8628525	A	C	unknown	0.0	0.0	0.0	0.0	0.0
1	8628525	var_1_8628525	A	G	unknown	0.0	0.0	0.0	0.0	0.0
1	8628525	var_1_8628525	A	T	unknown	0.0	0.0	0.0	0.0	0.0
1	8628526	var_1_8628526	A	C	unknown	0.0	0.0	0.0	0.0	0.0
1	8628526	var_1_8628526	A	G	unknown	0.0	0.0	0.0	0.0	0.0
1	8628526	var_1_8628526	A	T	unknown	0.0	0.0	0.0	0.0	0.0
1	8628527	var_1_8628527	A	C	unknown	0.0	0.0	0.0	0.0	0.0
1	8628527	var_1_8628527	A	G	unknown	0.0	0.0	0.0	0.0	0.0
1	8628527	var_1_8628527	A	T	unknown	0.0	0.0	0.0	0.0	0.0
1	8628528	var_1_8628528	T	A	unknown	0.0	0.0	0.0	0.0	0.0
1	8628528	var_1_8628528	T	C	unknown	0.0	0.0	0.0	0.0	0.0
1	8628528	var_1_8628528	T	G	unknown	0.0	0.0	0.0	0.0	0.0
1	8628529	var_1_8628529	A	C	unknown	0.0	0.0	0.0	0.0	0.0
1	8628529	var_1_8628529	A	G	unknown	0.0	0.0	0.0	0.0	0.0
1	8628529	var_1_8628529	A	T	unknown	0.0	0.0	0.0	0.0	0.0
1	8628530	var_1_8628530	A	C	unknown	0.0	0.0	0.0	0.0	0.0
1	8628530	var_1_8628530	A	G	unknown	0.0	0.0	0.0	0.0	0.0
1	8628530	var_1_8628530	A	T	unknown	0.0	0.0	0.0	0.0	0.0
1	8628531	var_1_8628531	A	C	unknown	0.0	0.0	0.0	0.0	0.0
1	8628531	var_1_8628531	A	G	unknown	0.0	0.0	0.0	0.0	0.0
1	8628531	var_1_8628531	A	T	unknown	0.0	0.0	0.0	0.0	0.0
1	8628532	var_1_8628532	C	A	unknown	0.0	0.0	0.0	0.0	0.0
1	8628532	var_1_8628532	C	G	unknown	0.0	0.0	0.0	0.0	0.0
1	8628532	var_1_8628532	C	T	unknown	0.0	0.0	0.0	0.0	0.0
1	8628533	var_1_8628533	A	C	unknown	0.0	0.0	0.0	0.0	0.0
1	8628533	var_1_8628533	A	G	unknown	0.0	0.0	0.0	0.0	0.0
1	8628533	var_1_8628533	A	T	unknown	0.0	0.0	0.0	0.0	0.0
1	8628534	var_1_8628534	C	A	unknown	0.0	0.0	0.0	0.0	0.0
1	8628534	var_1_8628534	C	G	unknown	0.0	0.0	0.0	0.0	0.0
1	8628534	var_1_8628534	C	T	unknown	0.0	0.0	0.0	0.0	0.0
1	8628535	var_1_8628535	A	C	unknown	0.0	0.0	0.0	0.0	0.0
1	8628535	var_1_8628535	A	G	unknown	0.0	0.0	0.0	0.0	0.0
1	8628535	var_1_8628535	A	T	unknown	0.0	0.0	0.0	0.0	0.0
1	8628536	var_1_8628536	A	C	unknown	0.0	0.0	0.0	0.0	0.0
1	8628536	var_1_8628536	A	G	unknown	0.0	0.0	0.0	0.0	0.0
1	8628536	var_1_8628536	A	T	unknown	0.0	0.0	0.0	0.0	0.0
1	8628537	var_1_8628537	T	A	unknown	0.0	0.0	0.0	0.0	0.0
1	8628537	var_1_8628537	T	C	unknown	0.0	0.0	0.0	0.0	0.0
1	8628537	var_1_8628537	T	G	unknown	0.0	0.0	0.0	0.0	0.0
1	8628538	var_1_8628538	T	A	unknown	0.0	0.0	0.0	0.0	0.0
1	8628538	var_1_8628538	T	C	unknown	0.0	0.0	0.0	0.0	0.0
1	8628538	var_1_8628538	T	G	unknown	0.0	0.0	0.0	0.0	0.0
1	8628539	var_1_8628539	T	A	unknown	0.0	0.0	0.0	0.0	0.0
1	8628539	var_1_8628539	T	C	unknown	0.0	0.0	0.0	0.0	0.0
1	8628539	var_1_8628539	T	G	unknown	0.0	0.0	0.0	0.0	0.0
1	8628540	var_1_8628540	A	C	unknown	0.0	0.0	0.0	0.0	0.0
1	8628540	var_1_8628540	A	G	unknown	0.0	0.0	0.0	0.0	0.0
1	8628540	var_1_8628540	A	T	unknown	0.0	0.0	0.0	0.0	0.0
1	8628541	var_1_8628541	G	A	unknown	0.0	0.0	0.0	0.0	0.0
1	8628541	var_1_8628541	G	C	unknown	0.0	0.0	0.0	0.0	0.0
1	8628541	var_1_8628541	G	T	unknown	0.0	0.0	0.0	0.0	0.0
1	8628542	var_1_8628542	A	C	unknown	0.0	0.0	0.0	0.0	0.0
1	8628542	var_1_8628542	A	G	unknown	0.0	0.0	0.0	0.0	0.0
1	8628542	var_1_8628542	A	T	unknown	0.0	0.0	0.0	0.0	0.0
1	8628543	var_1_8628543	A	C	unknown	0.0	0.0	0.0	0.0	0.0
1	8628543	var_1_8628543	A	G	unknown	0.0	0.0	0.0	0.0	0.0
1	8628543	var_1_8628543	A	T	unknown	0.0	0.0	0.0	0.0	0.0
1	8628544	var_1_8628544	T	A	unknown	0.0	0.0	0.0	0.0	0.0
1	8628544	var_1_8628544	T	C	unknown	0.0	0.0	0.0	0.0	0.0
1	8628544	var_1_8628544	T	G	unknown	0.0	0.0	0.0	0.0	0.0
1	8628545	var_1_8628545	T	A	unknown	0.0	0.0	0.0	0.0	0.0
1	8628545	var_1_8628545	T	C	unknown	0.0	0.0	0.0	0.0	0.0
1	8628545	var_1_8628545	T	G	unknown	0.0	0.0	0.0	0.0	0.0
1	8628546	var_1_8628546	C	A	unknown	0.0	0.0	0.0	0.0	0.0
1	8628546	var_1_8628546	C	G	unknown	0.0	0.0	0.0	0.0	0.0
1	8628546	var_1_8628546	C	T	unknown	0.0	0.0	0.0	0.0	0.0
1	8628547	var_1_8628547	A	C	unknown	0.0	0.0	0.0	0.0	0.0
1	8628547	var_1_8628547	A	G	unknown	0.0	0.0	0.0	0.0	0.0
1	8628547	var_1_8628547	A	T	unknown	0.0	0.0	0.0	0.0	0.0
1	8628548	var_1_8628548	A	C	unknown	0.0	0.0	0.0	0.0	0.0
1	8628548	var_1_8628548	A	G	unknown	0.0	0.0	0.0	0.0	0.0
1	8628548	var_1_8628548	A	T	unknown	0.0	0.0	0.0	0.0	0.0
1	8628549	var_1_8628549	G	A	unknown	0.0	0.0	0.0	0.0	0.0
1	8628549	var_1_8628549	G	C	unknown	0.0	0.0	0.0	0.0	0.0
1	8628549	var_1_8628549	G	T	unknown	0.0	0.0	0.0	0.0	0.0
1	8628550	var_1_8628550	T	A	unknown	0.0	0.0	0.0	0.0	0.0
1	8628550	var_1_8628550	T	C	unknown	0.0	0.0	0.0	0.0	0.0
1	8628550	var_1_8628550	T	G	unknown	0.0	0.0	0.0	0.0	0.0
1	8628551	var_1_8628551	C	A	unknown	0.0	0.0	0.0	0.0	0.0
1	8628551	var_1_8628551	C	G	unknown	0.0	0.0	0.0	0.0	0.0
1	8628551	var_1_8628551	C	T	unknown	0.0	0.0	0.0	0.0	0.0
1	8628552	var_1_8628552	T	A	unknown	0.0	0.0	0.0	0.0	0.0
1	8628552	var_1_8628552	T	C	unknown	0.0	0.0	0.0	0.0	0.0
1	8628552	var_1_8628552	T	G	unknown	0.0	0.0	0.0	0.0	0.0
1	8628553	var_1_8628553	C	A	unknown	0.0	0.0	0.0	0.0	0.0
1	8628553	var_1_8628553	C	G	unknown	0.0	0.0	0.0	0.0	0.0
1	8628553	var_1_8628553	C	T	unknown	0.0	0.0	0.0	0.0	0.0
1	8628554	var_1_8628554	A	C	unknown	0.0	0.0	0.0	0.0	0.0
1	8628554	var_1_8628554	A	G	unknown	0.0	0.0	0.0	0.0	0.0
1	8628554	var_1_8628554	A	T	unknown	0.0	0.0	0.0	0.0	0.0
1	8628555	var_1_8628555	C	A	unknown	0.0	0.0	0.0	0.0	0.0
1	8628555	var_1_8628555	C	G	unknown	0.0	0.0	0.0	0.0	0.0
1	8628555	var_1_8628555	C	T	unknown	0.0	0.0	0.0	0.0	0.0
1	8628556	var_1_8628556	A	C	unknown	0.0	0.0	0.0	0.0	0.0
1	8628556	var_1_8628556	A	G	unknown	0.0	0.0	0.0	0.0	0.0
1	8628556	var_1_8628556	A	T	unknown	0.0	0.0	0.0	0.0	0.0
1	8628557	var_1_8628557	G	A	unknown	0.0	0.0	0.0	0.0	0.0
1	8628557	var_1_8628557	G	C	unknown	0.0	0.0	0.0	0.0	0.0
1	8628557	var_1_8628557	G	T	unknown	0.0	0.0	0.0	0.0	0.0
1	8628558	var_1_8628558	A	C	unknown	0.0	0.0	0.0	0.0	0.0
1	8628558	var_1_8628558	A	G	unknown	0.0	0.0	0.0	0.0	0.0
1	8628558	var_1_8628558	A	T	unknown	0.0	0.0	0.0	0.0	0.0
1	8628559	var_1_8628559	A	C	unknown	0.0	0.0	0.0	0.0	0.0
1	8628559	var_1_8628559	A	G	unknown	0.0	0.0	0.0	0.0	0.0
1	8628559	var_1_8628559	A	T	unknown	0.0	0.0	0.0	0.0	0.0
1	8628560	var_1_8628560	A	C	unknown	0.0	0.0	0.0	0.0	0.0
1	8628560	var_1_8628560	A	G	unknown	0.0	0.0	0.0	0.0	0.0
1	8628560	var_1_8628560	A	T	unknown	0.0	0.0	0.0	0.0	0.0
1	8628561	var_1_8628561	A	C	unknown	0.0	0.0	0.0	0.0	0.0
1	8628561	var_1_8628561	A	G	unknown	0.0	0.0	0.0	0.0	0.0
1	8628561	var_1_8628561	A	T	unknown	0.0	0.0	0.0	0.0	0.0
1	8628562	var_1_8628562	A	C	unknown	0.0	0.0	0.0	0.0	0.0
1	8628562	var_1_8628562	A	G	unknown	0.0	0.0	0.0	0.0	0.0
1	8628562	var_1_8628562	A	T	unknown	0.0	0.0	0.0	0.0	0.0
1	8628563	var_1_8628563	A	C	unknown	0.0	0.0	0.0	0.0	0.0
1	8628563	var_1_8628563	A	G	unknown	0.0	0.0	0.0	0.0	0.0
1	8628563	var_1_8628563	A	T	unknown	0.0	0.0	0.0	0.0	0.0
1	8628564	var_1_8628564	A	C	unknown	0.0	0.0	0.0	0.0	0.0
1	8628564	var_1_8628564	A	G	unknown	0.0	0.0	0.0	0.0	0.0
1	8628564	var_1_8628564	A	T	unknown	0.0	0.0	0.0	0.0	0.0
1	8628565	var_1_8628565	T	A	unknown	0.0	0.0	0.0	0.0	0.0
1	8628565	var_1_8628565	T	C	unknown	0.0	0.0	0.0	0.0	0.0
1	8628565	var_1_8628565	T	G	unknown	0.0	0.0	0.0	0.0	0.0
1	8628566	var_1_8628566	T	A	unknown	0.0	0.0	0.0	0.0	0.0
1	8628566	var_1_8628566	T	C	unknown	0.0	0.0	0.0	0.0	0.0
1	8628566	var_1_8628566	T	G	unknown	0.0	0.0	0.0	0.0	0.0
1	8628567	var_1_8628567	C	A	unknown	0.0	0.0	0.0	0.0	0.0
1	8628567	var_1_8628567	C	G	unknown	0.0	0.0	0.0	0.0	0.0
1	8628567	var_1_8628567	C	T	unknown	0.0	0.0	0.0	0.0	0.0
1	8628568	var_1_8628568	T	A	unknown	0.0	0.0	0.0	0.0	0.0
1	8628568	var_1_8628568	T	C	unknown	0.0	0.0	0.0	0.0	0.0
1	8628568	var_1_8628568	T	G	unknown	0.0	0.0	0.0	0.0	0.0
1	8628569	var_1_8628569	A	C	unknown	0.0	0.0	0.0	0.0	0.0
1	8628569	var_1_8628569	A	G	unknown	0.0	0.0	0.0	0.0	0.0
1	8628569	var_1_8628569	A	T	unknown	0.0	0.0	0.0	0.0	0.0
1	8628570	var_1_8628570	C	A	unknown	0.0	0.0	0.0	0.0	0.0
1	8628570	var_1_8628570	C	G	unknown	0.0	0.0	0.0	0.0	0.0
1	8628570	var_1_8628570	C	T	unknown	0.0	0.0	0.0	0.0	0.0
1	8628571	var_1_8628571	T	A	unknown	0.0	0.0	0.0	0.0	0.0
1	8628571	var_1_8628571	T	C	unknown	0.0	0.0	0.0	0.0	0.0
1	8628571	var_1_8628571	T	G	unknown	0.0	0.0	0.0	0.0	0.0
1	8628572	var_1_8628572	T	A	unknown	0.0	0.0	0.0	0.0	0.0
1	8628572	var_1_8628572	T	C	unknown	0.0	0.0	0.0	0.0	0.0
1	8628572	var_1_8628572	T	G	unknown	0.0	0.0	0.0	0.0	0.0
1	8628573	var_1_8628573	T	A	unknown	0.0	0.0	0.0	0.0	0.0
1	8628573	var_1_8628573	T	C	unknown	0.0	0.0	0.0	0.0	0.0
1	8628573	var_1_8628573	T	G	unknown	0.0	0.0	0.0	0.0	0.0
1	8628574	var_1_8628574	A	C	unknown	0.0	0.0	0.0	0.0	0.0
1	8628574	var_1_8628574	A	G	unknown	0.0	0.0	0.0	0.0	0.0
1	8628574	var_1_8628574	A	T	unknown	0.0	0.0	0.0	0.0	0.0
1	8628575	var_1_8628575	T	A	unknown	0.0	0.0	0.0	0.0	0.0
1	8628575	var_1_8628575	T	C	unknown	0.0	0.0	0.0	0.0	0.0
1	8628575	var_1_8628575	T	G	unknown	0.0	0.0	0.0	0.0	0.0
1	8628576	var_1_8628576	A	C	unknown	0.0	0.0	0.0	0.0	0.0
1	8628576	var_1_8628576	A	G	unknown	0.0	0.0	0.0	0.0	0.0
1	8628576	var_1_8628576	A	T	unknown	0.0	0.0	0.0	0.0	0.0
1	8628577	var_1_8628577	T	A	unknown	0.0	0.0	0.0	0.0	0.0
1	8628577	var_1_8628577	T	C	unknown	0.0	0.0	0.0	0.0	0.0
1	8628577	var_1_8628577	T	G	unknown	0.0	0.0	0.0	0.0	0.0
1	8628578	var_1_8628578	T	A	unknown	0.0	0.0	0.0	0.0	0.0
1	8628578	var_1_8628578	T	C	unknown	0.0	0.0	0.0	0.0	0.0
1	8628578	var_1_8628578	T	G	unknown	0.0	0.0	0.0	0.0	0.0
1	8628579	var_1_8628579	A	C	unknown	0.0	0.0	0.0	0.0	0.0
1	8628579	var_1_8628579	A	G	unknown	0.0	0.0	0.0	0.0	0.0
1	8628579	var_1_8628579	A	T	unknown	0.0	0.0	0.0	0.0	0.0
1	8628580	var_1_8628580	C	A	unknown	0.0	0.0	0.0	0.0	0.0
1	8628580	var_1_8628580	C	G	unknown	0.0	0.0	0.0	0.0	0.0
1	8628580	var_1_8628580	C	T	unknown	0.0	0.0	0.0	0.0	0.0
1	8628581	var_1_8628581	T	A	unknown	0.0	0.0	0.0	0.0	0.0
1	8628581	var_1_8628581	T	C	unknown	0.0	0.0	0.0	0.0	0.0
1	8628581	var_1_8628581	T	G	unknown	0.0	0.0	0.0	0.0	0.0
1	8628582	var_1_8628582	C	A	unknown	0.0	0.0	0.0	0.0	0.0
1	8628582	var_1_8628582	C	G	unknown	0.0	0.0	0.0	0.0	0.0
1	8628582	var_1_8628582	C	T	unknown	0.0	0.0	0.0	0.0	0.0
1	8628583	var_1_8628583	T	A	unknown	0.0	0.0	0.0	0.0	0.0
1	8628583	var_1_8628583	T	C	unknown	0.0	0.0	0.0	0.0	0.0
1	8628583	var_1_8628583	T	G	unknown	0.0	0.0	0.0	0.0	0.0
1	8628584	var_1_8628584	T	A	unknown	0.0	0.0	0.0	0.0	0.0
1	8628584	var_1_8628584	T	C	unknown	0.0	0.0	0.0	0.0	0.0
1	8628584	var_1_8628584	T	G	unknown	0.0	0.0	0.0	0.0	0.0
1	8628585	var_1_8628585	A	C	unknown	0.0	0.0	0.0	0.0	0.0
1	8628585	var_1_8628585	A	G	unknown	0.0	0.0	0.0	0.0	0.0
1	8628585	var_1_8628585	A	T	unknown	0.0	0.0	0.0	0.0	0.0
1	8628586	var_1_8628586	A	C	unknown	0.0	0.0	0.0	0.0	0.0
1	8628586	var_1_8628586	A	G	unknown	0.0	0.0	0.0	0.0	0.0
1	8628586	var_1_8628586	A	T	unknown	0.0	0.0	0.0	0.0	0.0
1	8628587	var_1_8628587	A	C	unknown	0.0	0.0	0.0	0.0	0.0
1	8628587	var_1_8628587	A	G	unknown	0.0	0.0	0.0	0.0	0.0
1	8628587	var_1_8628587	A	T	unknown	0.0	0.0	0.0	0.0	0.0
1	8628588	var_1_8628588	A	C	unknown	0.0	0.0	0.0	0.0	0.0
1	8628588	var_1_8628588	A	G	unknown	0.0	0.0	0.0	0.0	0.0
1	8628588	var_1_8628588	A	T	unknown	0.0	0.0	0.0	0.0	0.0
1	8628589	var_1_8628589	A	C	unknown	0.0	0.0	0.0	0.0	0.0
1	8628589	var_1_8628589	A	G	unknown	0.0	0.0	0.0	0.0	0.0
1	8628589	var_1_8628589	A	T	unknown	0.0	0.0	0.0	0.0	0.0
1	8628590	var_1_8628590	T	A	unknown	0.0	0.0	0.0	0.0	0.0
1	8628590	var_1_8628590	T	C	unknown	0.0	0.0	0.0	0.0	0.0
1	8628590	var_1_8628590	T	G	unknown	0.0	0.0	0.0	0.0	0.0
1	8628591	var_1_8628591	A	C	unknown	0.0	0.0	0.0	0.0	0.0
1	8628591	var_1_8628591	A	G	unknown	0.0	0.0	0.0	0.0	0.0
1	8628591	var_1_8628591	A	T	unknown	0.0	0.0	0.0	0.0	0.0
1	8628592	var_1_8628592	T	A	unknown	0.0	0.0	0.0	0.0	0.0
1	8628592	var_1_8628592	T	C	unknown	0.0	0.0	0.0	0.0	0.0
1	8628592	var_1_8628592	T	G	unknown	0.0	0.0	0.0	0.0	0.0
1	8628593	var_1_8628593	T	A	unknown	0.0	0.0	0.0	0.0	0.0
1	8628593	var_1_8628593	T	C	unknown	0.0	0.0	0.0	0.0	0.0
1	8628593	var_1_8628593	T	G	unknown	0.0	0.0	0.0	0.0	0.0
1	8628594	var_1_8628594	C	A	unknown	0.0	0.0	0.0	0.0	0.0
1	8628594	var_1_8628594	C	G	unknown	0.0	0.0	0.0	0.0	0.0
1	8628594	var_1_8628594	C	T	unknown	0.0	0.0	0.0	0.0	0.0
1	8628595	var_1_8628595	A	C	unknown	0.0	0.0	0.0	0.0	0.0
1	8628595	var_1_8628595	A	G	unknown	0.0	0.0	0.0	0.0	0.0
1	8628595	var_1_8628595	A	T	unknown	0.0	0.0	0.0	0.0	0.0
1	8628596	var_1_8628596	A	C	unknown	0.0	0.0	0.0	0.0	0.0
1	8628596	var_1_8628596	A	G	unknown	0.0	0.0	0.0	0.0	0.0
1	8628596	var_1_8628596	A	T	unknown	0.0	0.0	0.0	0.0	0.0
1	8628597	var_1_8628597	A	C	unknown	0.0	0.0	0.0	0.0	0.0
1	8628597	var_1_8628597	A	G	unknown	0.0	0.0	0.0	0.0	0.0
1	8628597	var_1_8628597	A	T	unknown	0.0	0.0	0.0	0.0	0.0
1	8628598	var_1_8628598	A	C	unknown	0.0	0.0	0.0	0.0	0.0
1	8628598	var_1_8628598	A	G	unknown	0.0	0.0	0.0	0.0	0.0
1	8628598	var_1_8628598	A	T	unknown	0.0	0.0	0.0	0.0	0.0
1	8628599	var_1_8628599	C	A	unknown	0.0	0.0	0.0	0.0	0.0
1	8628599	var_1_8628599	C	G	unknown	0.0	0.0	0.0	0.0	0.0
1	8628599	var_1_8628599	C	T	unknown	0.0	0.0	0.0	0.0	0.0
1	8628600	var_1_8628600	A	C	unknown	0.0	0.0	0.0	0.0	0.0
1	8628600	var_1_8628600	A	G	unknown	0.0	0.0	0.0	0.0	0.0
1	8628600	var_1_8628600	A	T	unknown	0.0	0.0	0.0	0.0	0.0
1	8628601	var_1_8628601	A	C	unknown	0.0	0.0	0.0	0.0	0.0
1	8628601	var_1_8628601	A	G	unknown	0.0	0.0	0.0	0.0	0.0
1	8628601	var_1_8628601	A	T	unknown	0.0	0.0	0.0	0.0	0.0
1	8628602	var_1_8628602	G	A	unknown	0.0	0.0	0.0	0.0	0.0
1	8628602	var_1_8628602	G	C	unknown	0.0	0.0	0.0	0.0	0.0
1	8628602	var_1_8628602	G	T	unknown	0.0	0.0	0.0	0.0	0.0
1	8628603	var_1_8628603	G	A	unknown	0.0	0.0	0.0	0.0	0.0
1	8628603	var_1_8628603	G	C	unknown	0.0	0.0	0.0	0.0	0.0
1	8628603	var_1_8628603	G	T	unknown	0.0	0.0	0.0	0.0	0.0
1	8628604	var_1_8628604	T	A	unknown	0.0	0.0	0.0	0.0	0.0
1	8628604	var_1_8628604	T	C	unknown	0.0	0.0	0.0	0.0	0.0
1	8628604	var_1_8628604	T	G	unknown	0.0	0.0	0.0	0.0	0.0
1	8628605	var_1_8628605	T	A	unknown	0.0	0.0	0.0	0.0	0.0
1	8628605	var_1_8628605	T	C	unknown	0.0	0.0	0.0	0.0	0.0
1	8628605	var_1_8628605	T	G	unknown	0.0	0.0	0.0	0.0	0.0
1	8628606	var_1_8628606	C	A	unknown	0.0	0.0	0.0	0.0	0.0
1	8628606	var_1_8628606	C	G	unknown	0.0	0.0	0.0	0.0	0.0
1	8628606	var_1_8628606	C	T	unknown	0.0	0.0	0.0	0.0	0.0
1	8628607	var_1_8628607	A	C	unknown	0.0	0.0	0.0	0.0	0.0
1	8628607	var_1_8628607	A	G	unknown	0.0	0.0	0.0	0.0	0.0
1	8628607	var_1_8628607	A	T	unknown	0.0	0.0	0.0	0.0	0.0
1	8628608	var_1_8628608	A	C	unknown	0.0	0.0	0.0	0.0	0.0
1	8628608	var_1_8628608	A	G	unknown	0.0	0.0	0.0	0.0	0.0
1	8628608	var_1_8628608	A	T	unknown	0.0	0.0	0.0	0.0	0.0
1	8628609	var_1_8628609	T	A	unknown	0.0	0.0	0.0	0.0	0.0
1	8628609	var_1_8628609	T	C	unknown	0.0	0.0	0.0	0.0	0.0
1	8628609	var_1_8628609	T	G	unknown	0.0	0.0	0.0	0.0	0.0
1	8628610	var_1_8628610	T	A	unknown	0.0	0.0	0.0	0.0	0.0
1	8628610	var_1_8628610	T	C	unknown	0.0	0.0	0.0	0.0	0.0
1	8628610	var_1_8628610	T	G	unknown	0.0	0.0	0.0	0.0	0.0
1	8628611	var_1_8628611	A	C	unknown	0.0	0.0	0.0	0.0	0.0
1	8628611	var_1_8628611	A	G	unknown	0.0	0.0	0.0	0.0	0.0
1	8628611	var_1_8628611	A	T	unknown	0.0	0.0	0.0	0.0	0.0
1	8628612	var_1_8628612	A	C	unknown	0.0	0.0	0.0	0.0	0.0
1	8628612	var_1_8628612	A	G	unknown	0.0	0.0	0.0	0.0	0.0
1	8628612	var_1_8628612	A	T	unknown	0.0	0.0	0.0	0.0	0.0
1	8628613	var_1_8628613	A	C	unknown	0.0	0.0	0.0	0.0	0.0
1	8628613	var_1_8628613	A	G	unknown	0.0	0.0	0.0	0.0	0.0
1	8628613	var_1_8628613	A	T	unknown	0.0	0.0	0.0	0.0	0.0
1	8628614	var_1_8628614	G	A	unknown	0.0	0.0	0.0	0.0	0.0
1	8628614	var_1_8628614	G	C	unknown	0.0	0.0	0.0	0.0	0.0
1	8628614	var_1_8628614	G	T	unknown	0.0	0.0	0.0	0.0	0.0
1	8628615	var_1_8628615	C	A	unknown	0.0	0.0	0.0	0.0	0.0
1	8628615	var_1_8628615	C	G	unknown	0.0	0.0	0.0	0.0	0.0
1	8628615	var_1_8628615	C	T	unknown	0.0	0.0	0.0	0.0	0.0
1	8628616	var_1_8628616	C	A	unknown	0.0	0.0	0.0	0.0	0.0
1	8628616	var_1_8628616	C	G	unknown	0.0	0.0	0.0	0.0	0.0
1	8628616	var_1_8628616	C	T	unknown	0.0	0.0	0.0	0.0	0.0
1	8628617	var_1_8628617	A	C	unknown	0.0	0.0	0.0	0.0	0.0
1	8628617	var_1_8628617	A	G	unknown	0.0	0.0	0.0	0.0	0.0
1	8628617	var_1_8628617	A	T	unknown	0.0	0.0	0.0	0.0	0.0
1	8628618	var_1_8628618	A	C	unknown	0.0	0.0	0.0	0.0	0.0
1	8628618	var_1_8628618	A	G	unknown	0.0	0.0	0.0	0.0	0.0
1	8628618	var_1_8628618	A	T	unknown	0.0	0.0	0.0	0.0	0.0
1	8628619	var_1_8628619	A	C	unknown	0.0	0.0	0.0	0.0	0.0
1	8628619	var_1_8628619	A	G	unknown	0.0	0.0	0.0	0.0	0.0
1	8628619	var_1_8628619	A	T	unknown	0.0	0.0	0.0	0.0	0.0
1	8628620	var_1_8628620	T	A	unknown	0.0	0.0	0.0	0.0	0.0
1	8628620	var_1_8628620	T	C	unknown	0.0	0.0	0.0	0.0	0.0
1	8628620	var_1_8628620	T	G	unknown	0.0	0.0	0.0	0.0	0.0
1	8628621	var_1_8628621	T	A	unknown	0.0	0.0	0.0	0.0	0.0
1	8628621	var_1_8628621	T	C	unknown	0.0	0.0	0.0	0.0	0.0
1	8628621	var_1_8628621	T	G	unknown	0.0	0.0	0.0	0.0	0.0
1	8628622	var_1_8628622	C	A	unknown	0.0	0.0	0.0	0.0	0.0
1	8628622	var_1_8628622	C	G	unknown	0.0	0.0	0.0	0.0	0.0
1	8628622	var_1_8628622	C	T	unknown	0.0	0.0	0.0	0.0	0.0
1	8628623	var_1_8628623	T	A	unknown	0.0	0.0	0.0	0.0	0.0
1	8628623	var_1_8628623	T	C	unknown	0.0	0.0	0.0	0.0	0.0
1	8628623	var_1_8628623	T	G	unknown	0.0	0.0	0.0	0.0	0.0
1	8628624	var_1_8628624	C	A	unknown	0.0	0.0	0.0	0.0	0.0
1	8628624	var_1_8628624	C	G	unknown	0.0	0.0	0.0	0.0	0.0
1	8628624	var_1_8628624	C	T	unknown	0.0	0.0	0.0	0.0	0.0
1	8628625	var_1_8628625	A	C	unknown	0.0	0.0	0.0	0.0	0.0
1	8628625	var_1_8628625	A	G	unknown	0.0	0.0	0.0	0.0	0.0
1	8628625	var_1_8628625	A	T	unknown	0.0	0.0	0.0	0.0	0.0
1	8628626	var_1_8628626	T	A	unknown	0.0	0.0	0.0	0.0	0.0
1	8628626	var_1_8628626	T	C	unknown	0.0	0.0	0.0	0.0	0.0
1	8628626	var_1_8628626	T	G	unknown	0.0	0.0	0.0	0.0	0.0
1	8628627	var_1_8628627	A	C	unknown	0.0	0.0	0.0	0.0	0.0
1	8628627	var_1_8628627	A	G	unknown	0.0	0.0	0.0	0.0	0.0
1	8628627	var_1_8628627	A	T	unknown	0.0	0.0	0.0	0.0	0.0
1	8628628	var_1_8628628	T	A	unknown	0.0	0.0	0.0	0.0	0.0
1	8628628	var_1_8628628	T	C	unknown	0.0	0.0	0.0	0.0	0.0
1	8628628	var_1_8628628	T	G	unknown	0.0	0.0	0.0	0.0	0.0
1	8628629	var_1_8628629	A	C	unknown	0.0	0.0	0.0	0.0	0.0
1	8628629	var_1_8628629	A	G	unknown	0.0	0.0	0.0	0.0	0.0
1	8628629	var_1_8628629	A	T	unknown	0.0	0.0	0.0	0.0	0.0
1	8628630	var_1_8628630	A	C	unknown	0.0	0.0	0.0	0.0	0.0
1	8628630	var_1_8628630	A	G	unknown	0.0	0.0	0.0	0.0	0.0
1	8628630	var_1_8628630	A	T	unknown	0.0	0.0	0.0	0.0	0.0
1	8628631	var_1_8628631	A	C	unknown	0.0	0.0	0.0	0.0	0.0
1	8628631	var_1_8628631	A	G	unknown	0.0	0.0	0.0	0.0	0.0
1	8628631	var_1_8628631	A	T	unknown	0.0	0.0	0.0	0.0	0.0
1	8628632	var_1_8628632	A	C	unknown	0.0	0.0	0.0	0.0	0.0
1	8628632	var_1_8628632	A	G	unknown	0.0	0.0	0.0	0.0	0.0
1	8628632	var_1_8628632	A	T	unknown	0.0	0.0	0.0	0.0	0.0
1	8628633	var_1_8628633	A	C	unknown	0.0	0.0	0.0	0.0	0.0
1	8628633	var_1_8628633	A	G	unknown	0.0	0.0	0.0	0.0	0.0
1	8628633	var_1_8628633	A	T	unknown	0.0	0.0	0.0	0.0	0.0
1	8628634	var_1_8628634	G	A	unknown	0.0	0.0	0.0	0.0	0.0
1	8628634	var_1_8628634	G	C	unknown	0.0	0.0	0.0	0.0	0.0
1	8628634	var_1_8628634	G	T	unknown	0.0	0.0	0.0	0.0	0.0
1	8628635	var_1_8628635	C	A	unknown	0.0	0.0	0.0	0.0	0.0
1	8628635	var_1_8628635	C	G	unknown	0.0	0.0	0.0	0.0	0.0
1	8628635	var_1_8628635	C	T	unknown	0.0	0.0	0.0	0.0	0.0
1	8628636	var_1_8628636	A	C	unknown	0.0	0.0	0.0	0.0	0.0
1	8628636	var_1_8628636	A	G	unknown	0.0	0.0	0.0	0.0	0.0
1	8628636	var_1_8628636	A	T	unknown	0.0	0.0	0.0	0.0	0.0
1	8628637	var_1_8628637	T	A	unknown	0.0	0.0	0.0	0.0	0.0
1	8628637	var_1_8628637	T	C	unknown	0.0	0.0	0.0	0.0	0.0
1	8628637	var_1_8628637	T	G	unknown	0.0	0.0	0.0	0.0	0.0
1	8628638	var_1_8628638	T	A	unknown	0.0	0.0	0.0	0.0	0.0
1	8628638	var_1_8628638	T	C	unknown	0.0	0.0	0.0	0.0	0.0
1	8628638	var_1_8628638	T	G	unknown	0.0	0.0	0.0	0.0	0.0
1	8628639	var_1_8628639	T	A	unknown	0.0	0.0	0.0	0.0	0.0
1	8628639	var_1_8628639	T	C	unknown	0.0	0.0	0.0	0.0	0.0
1	8628639	var_1_8628639	T	G	unknown	0.0	0.0	0.0	0.0	0.0
1	8628640	var_1_8628640	C	A	unknown	0.0	0.0	0.0	0.0	0.0
1	8628640	var_1_8628640	C	G	unknown	0.0	0.0	0.0	0.0	0.0
1	8628640	var_1_8628640	C	T	unknown	0.0	0.0	0.0	0.0	0.0
1	8628641	var_1_8628641	C	A	unknown	0.0	0.0	0.0	0.0	0.0
1	8628641	var_1_8628641	C	G	unknown	0.0	0.0	0.0	0.0	0.0
1	8628641	var_1_8628641	C	T	unknown	0.0	0.0	0.0	0.0	0.0
1	8628642	var_1_8628642	C	A	unknown	0.0	0.0	0.0	0.0	0.0
1	8628642	var_1_8628642	C	G	unknown	0.0	0.0	0.0	0.0	0.0
1	8628642	var_1_8628642	C	T	unknown	0.0	0.0	0.0	0.0	0.0
1	8628643	var_1_8628643	C	A	unknown	0.0	0.0	0.0	0.0	0.0
1	8628643	var_1_8628643	C	G	unknown	0.0	0.0	0.0	0.0	0.0
1	8628643	var_1_8628643	C	T	unknown	0.0	0.0	0.0	0.0	0.0
1	8628644	var_1_8628644	T	A	unknown	0.0	0.0	0.0	0.0	0.0
1	8628644	var_1_8628644	T	C	unknown	0.0	0.0	0.0	0.0	0.0
1	8628644	var_1_8628644	T	G	unknown	0.0	0.0	0.0	0.0	0.0
1	8628645	var_1_8628645	T	A	unknown	0.0	0.0	0.0	0.0	0.0
1	8628645	var_1_8628645	T	C	unknown	0.0	0.0	0.0	0.0	0.0
1	8628645	var_1_8628645	T	G	unknown	0.0	0.0	0.0	0.0	0.0
1	8628646	var_1_8628646	G	A	unknown	0.0	0.0	0.0	0.0	0.0
1	8628646	var_1_8628646	G	C	unknown	0.0	0.0	0.0	0.0	0.0
1	8628646	var_1_8628646	G	T	unknown	0.0	0.0	0.0	0.0	0.0
1	8628647	var_1_8628647	G	A	unknown	0.0	0.0	0.0	0.0	0.0
1	8628647	var_1_8628647	G	C	unknown	0.0	0.0	0.0	0.0	0.0
1	8628647	var_1_8628647	G	T	unknown	0.0	0.0	0.0	0.0	0.0
1	8628648	var_1_8628648	C	A	unknown	0.0	0.0	0.0	0.0	0.0
1	8628648	var_1_8628648	C	G	unknown	0.0	0.0	0.0	0.0	0.0
1	8628648	var_1_8628648	C	T	unknown	0.0	0.0	0.0	0.0	0.0
1	8628649	var_1_8628649	T	A	unknown	0.0	0.0	0.0	0.0	0.0
1	8628649	var_1_8628649	T	C	unknown	0.0	0.0	0.0	0.0	0.0
1	8628649	var_1_8628649	T	G	unknown	0.0	0.0	0.0	0.0	0.0
1	8628650	var_1_8628650	C	A	unknown	0.0	0.0	0.0	0.0	0.0
1	8628650	var_1_8628650	C	G	unknown	0.0	0.0	0.0	0.0	0.0
1	8628650	var_1_8628650	C	T	unknown	0.0	0.0	0.0	0.0	0.0
1	8628651	var_1_8628651	A	C	unknown	0.0	0.0	0.0	0.0	0.0
1	8628651	var_1_8628651	A	G	unknown	0.0	0.0	0.0	0.0	0.0
1	8628651	var_1_8628651	A	T	unknown	0.0	0.0	0.0	0.0	0.0
1	8628652	var_1_8628652	T	A	unknown	0.0	0.0	0.0	0.0	0.0
1	8628652	var_1_8628652	T	C	unknown	0.0	0.0	0.0	0.0	0.0
1	8628652	var_1_8628652	T	G	unknown	0.0	0.0	0.0	0.0	0.0
1	8628653	var_1_8628653	T	A	unknown	0.0	0.0	0.0	0.0	0.0
1	8628653	var_1_8628653	T	C	unknown	0.0	0.0	0.0	0.0	0.0
1	8628653	var_1_8628653	T	G	unknown	0.0	0.0	0.0	0.0	0.0
1	8628654	var_1_8628654	A	C	unknown	0.0	0.0	0.0	0.0	0.0
1	8628654	var_1_8628654	A	G	unknown	0.0	0.0	0.0	0.0	0.0
1	8628654	var_1_8628654	A	T	unknown	0.0	0.0	0.0	0.0	0.0
1	8628655	var_1_8628655	A	C	unknown	0.0	0.0	0.0	0.0	0.0
1	8628655	var_1_8628655	A	G	unknown	0.0	0.0	0.0	0.0	0.0
1	8628655	var_1_8628655	A	T	unknown	0.0	0.0	0.0	0.0	0.0
1	8628656	var_1_8628656	T	A	unknown	0.0	0.0	0.0	0.0	0.0
1	8628656	var_1_8628656	T	C	unknown	0.0	0.0	0.0	0.0	0.0
1	8628656	var_1_8628656	T	G	unknown	0.0	0.0	0.0	0.0	0.0
1	8628657	var_1_8628657	C	A	unknown	0.0	0.0	0.0	0.0	0.0
1	8628657	var_1_8628657	C	G	unknown	0.0	0.0	0.0	0.0	0.0
1	8628657	var_1_8628657	C	T	unknown	0.0	0.0	0.0	0.0	0.0
1	8628658	var_1_8628658	A	C	unknown	0.0	0.0	0.0	0.0	0.0
1	8628658	var_1_8628658	A	G	unknown	0.0	0.0	0.0	0.0	0.0
1	8628658	var_1_8628658	A	T	unknown	0.0	0.0	0.0	0.0	0.0
1	8628659	var_1_8628659	A	C	unknown	0.0	0.0	0.0	0.0	0.0
1	8628659	var_1_8628659	A	G	unknown	0.0	0.0	0.0	0.0	0.0
1	8628659	var_1_8628659	A	T	unknown	0.0	0.0	0.0	0.0	0.0
1	8628660	var_1_8628660	G	A	unknown	0.0	0.0	0.0	0.0	0.0
1	8628660	var_1_8628660	G	C	unknown	0.0	0.0	0.0	0.0	0.0
1	8628660	var_1_8628660	G	T	unknown	0.0	0.0	0.0	0.0	0.0
1	8628661	var_1_8628661	C	A	unknown	0.0	0.0	0.0	0.0	0.0
1	8628661	var_1_8628661	C	G	unknown	0.0	0.0	0.0	0.0	0.0
1	8628661	var_1_8628661	C	T	unknown	0.0	0.0	0.0	0.0	0.0
1	8628662	var_1_8628662	A	C	unknown	0.0	0.0	0.0	0.0	0.0
1	8628662	var_1_8628662	A	G	unknown	0.0	0.0	0.0	0.0	0.0
1	8628662	var_1_8628662	A	T	unknown	0.0	0.0	0.0	0.0	0.0
1	8628663	var_1_8628663	G	A	unknown	0.0	0.0	0.0	0.0	0.0
1	8628663	var_1_8628663	G	C	unknown	0.0	0.0	0.0	0.0	0.0
1	8628663	var_1_8628663	G	T	unknown	0.0	0.0	0.0	0.0	0.0
1	8628664	var_1_8628664	C	A	unknown	0.0	0.0	0.0	0.0	0.0
1	8628664	var_1_8628664	C	G	unknown	0.0	0.0	0.0	0.0	0.0
1	8628664	var_1_8628664	C	T	unknown	0.0	0.0	0.0	0.0	0.0